http://140.120.2.227/nchu_oc/OCW/index.php	c521c0f2-43f7-4d35-928f-aaeafce44737
http://academica.mx/cursos.html	72c57b67-f42a-4b05-bbbf-cb8bf421cf6e
http://apus.campusguides.com/APUS_ePress	1f825209-fa97-4ce8-9fc6-5b197f52650c
http://bscampus.bsgrupo.com	d8e21f67-acce-450d-90ff-f86b0104f425
http://cnx.org/	184d6ea6-df2e-40bd-885d-68da51bed5e9
http://condigital.ccead.puc-rio.br/condigital/	ea90dbec-d59f-4bce-a569-329499cb3cd6
http://courses.teacherswithoutborders.org/	67fdc501-12a4-4a73-9918-27d4184497ea
http://ctl.scu.edu.tw/scutwebpub/website/default.asp#	97ae1b75-9466-4f75-abf3-1dbbb3c55cda
http://ecampus.hallym.ac.kr/	9066e65d-7492-4124-84fc-3b7bfc281968
http://edu.khronos.org/	c441d7c6-0438-4480-8568-a06f61f522da
http://farabi-ac.com/ocw	40a24feb-742f-4358-92c0-b2e291324e70
http://freecourseware.uwc.ac.za	445dd4c6-d376-444a-b70a-81099b04b11d
http://gotoltc.edu/	f27806f8-1f61-4229-985a-92d2f65a8170
http://gotoltc.edu/opened/	f27806f8-1f61-4229-985a-92d2f65a8170
http://graduateschool.paristech.org/?langue=EN	a6396eb5-e3eb-4838-a1ab-faf58219da10
http://hanyangocw.hanyang.ac.kr/class	4b1ef15e-0f4b-48e2-a4de-901dfa367120
http://labspace.open.ac.uk/UV	7288a5f3-3056-425f-af04-acf8fe23b67a
http://maor.iucc.ac.il/english.php	aabb7170-405b-47e1-8ca3-9832907e331b
http://moodle.ntou.edu.tw/course/category.php?id=470	357ec3d1-18f4-401d-80cb-6566cef2acbb
http://nanhai.neusoft.edu.cn	2d79b84d-7f83-4aac-a57a-f96bbd1ffda0
http://nanhai.neusoft.edu.cn/Category_262/Index.aspx	2d79b84d-7f83-4aac-a57a-f96bbd1ffda0
http://ocw.aca.ntu.edu.tw/	9f2c4e79-f6b5-462b-8fc7-e421c08f51d2
http://ocw.ankara.edu.tr	007340ed-7705-4a42-a103-408984916140
http://ocw.asu.edu/	b6ad0bc9-3c9b-4054-94eb-fe18c6fed322
http://ocw.athabascau.ca	308deb88-467d-4926-ae58-0f00e1c65390
http://ocw.berkeley.edu	eb5094ac-8f04-4fe1-a6cc-5fb0650e487d
http://ocw.bib.upct.es	d3173c06-a27d-4193-9cde-e5586813ef85
http://ocw.ceu.es/	2138c796-b143-4549-8837-18b56e14700a
http://ocwconsortium.org	863e5b56-5426-4195-848d-c234a73f6c0e
http://ocw.dmc.keio.ac.jp	0e517fa4-2981-4aa2-8d66-3806901c5b21
http://ocw.eiyo.ac.jp/	70ac5ac9-3946-49c3-8258-d4db1dbb455b
http://ocw.emu.edu.tr	98a079bc-3a65-4e7b-9b35-aa790b8aeb7d
http://ocw.fju.edu.tw	14c6d149-6b0b-4653-aa24-6dfd106a8465
http://ocw.hokudai.ac.jp	447f7d59-3e3e-46ed-8619-03433e6c55df
http://ocw.ie.edu/ocw/	83b8f8d4-5fa6-4d50-b939-675882ad43ef
http://ocw.innova.uned.es/	f675a100-3f9e-4d7c-b895-82c120126531
http://ocw.itesm.mx/	83a51802-8fa5-4b7f-af35-f8f47573b0e8
http://ocw.jhsph.edu	6fe8861d-446a-424b-ab03-3cb037975f86
http://ocw.kaplan.edu/	ed161df2-e107-416c-9e21-e311fa012c6d
http://ocw.khu.ac.kr	4632ab41-2d00-45c4-923d-1f6852c064af
http://ocw.kmu.edu.tw/	afe34dd4-7ddd-4e25-be60-8f18bd5adf46
http://ocw.korea.edu	02689a76-fa2b-4a21-a442-259b9dca11af
http://ocw.ksu.edu.tw/	77df8352-7ab5-4512-9da5-779f8c880edb
http://ocw.kuleuven.be	005276f4-d110-4aa3-9860-ba43b5c4fc55
http://ocw.kyoto-u.ac.jp/en/	65667483-8a3c-44ac-8e9a-c8f63b5ca71b
http://ocw.kyushu-u.ac.jp	359a23ee-3059-452d-a8ad-b8435afbe024
http://ocw.lib.ntnu.edu.tw	9c32aeaa-382f-42fd-bbff-4342a5eb060e
http://ocw.metropolia.fi/	16821be7-9fae-419c-8729-87fe4569306b
http://ocw.metu.edu.tr/	1c747de7-a248-4100-abe8-681ab68c3293
http://ocw.mit.edu	e202534a-7859-412c-b4f8-8fee51589262
http://ocw.nagoya-u.jp/index.php?lang=en	16ee0610-3243-4d79-82f7-81a5d7fbf69a
http://ocw.nccu.edu.tw/	b8267e26-fe73-4f2e-8e51-71c9a844f595
http://ocw.nctu.edu.tw/	60e9a052-89df-4eff-917e-4863e5b5e50e
http://ocw.ncu.edu.tw	307d58d8-c139-4c25-a314-2992b14856fe
http://ocw.nd.edu	fcd8fd54-2722-4ba9-855c-c52a56ed229c
http://ocw.niu.edu.tw/moodle/	e35462e1-d33d-43cd-acdc-ee7bf05151cb
http://ocw.njit.edu/	c1ac9568-0845-40fc-bb75-c0502053ab37
http://ocw.nthu.edu.tw/	379089dd-f06f-4215-a271-de00738af416
http://ocw.onlinesjtu.com	c73f1c53-15f7-4489-9f09-4118c4bfa44e
http://ocw.openu.ac.il/	e890265e-74a9-4b37-83d6-fdb97420bc9e
http://ocw.osaka-u.ac.jp	2db7ec39-7734-463a-be37-d187f01ec330
http://ocw.ouj.ac.jp/	9dbce566-a911-432d-bca2-a1492fbf25cf
http://ocw.polinpdg.ac.id	cdbe87fb-732b-418c-af9b-e75075dea179
http://ocw-project.gunet.gr	b1b85d0e-c034-43cd-a251-30dcf7498d01
http://ocw.pusan.ac.kr	edb7a24b-eef9-424b-bd84-2d471f4b3b29
http://ocw.sbu.ac.ir	b41dacf0-2e19-402c-b189-91930e5e322b
http://ocw.seeu.edu.mk	4632d9f6-f174-4e92-9ed0-b6d15051b11f
http://ocw.silla.ac.kr/	5696c380-ab5b-4d76-a268-3bc274190731
http://ocw.sookmyung.ac.kr	c471b5cc-4646-44f4-b71f-0395859362ee
http://ocw.stut.edu.tw/	bfd0ba25-086a-4fff-8d91-c2e7ca966b95
http://ocw.tmu.edu.tw:8080/eduCommons	1a4b5fdb-d92b-4722-98d0-d7317516d270
http://ocw.tsukuba.ac.jp/	b4ed9bf8-38bd-4b75-be36-5cd16b169128
http://ocw.tudelft.nl	c4c7a55e-df0f-4b56-a6a1-eb6965f99984
http://ocw.tufts.edu	1a347c6d-289f-4354-8030-b25c556cdae5
http://ocw.uab.cat/	b82c6994-9e5e-4d88-a776-70dccd086848
http://ocw.ua.es/	a7129079-184a-4fea-8745-00075d459ccd
http://ocw.uc3m.es	c5d32685-173c-4473-ab02-f3b910af0b1c
http://ocw.uca.es	a3141175-1bf5-42dc-be02-82a316bc6ae5
http://ocw.uci.edu	bada00ab-8bf2-4ba6-a147-4990e2fccdbc
http://ocw.udem.edu.mx/	c99533e7-f5eb-4f96-8d60-5f67d4f4d4c8
http://ocw.udl.cat	986bba00-a656-4844-8ec6-91438447bd46
http://ocw.ugr.es	085ca6bd-7b49-4aa5-99f3-76c2fea077cf
http://ocw.ui.ac.id	3e8dc256-de10-446e-95fe-73066078fcc5
http://ocw.uib.es	588f6b76-0c19-44e2-98f4-f535b10e43cf
http://ocw.uis.edu.co	3982e33f-800c-4086-acab-4e2e58c9791c
http://ocw.ull.es	9b91c842-31d6-4c2a-b82b-3d3b23168104
http://ocw.ulsan.ac.kr	0cedf7b5-3863-40d1-bb01-164ec4b0d72a
http://ocw.uma.es	7005576a-f90d-4db2-8c14-44232636829d
http://ocw.umb.edu/	ab1eb129-1455-4f3f-aa0c-2c1a582d96be
http://ocw.um.es	2502b654-693f-47e8-9a93-e1fcaba4f012
http://ocw.uned.ac.cr	06e29aa9-1da9-450e-af93-971ac2b302a8
http://ocw.unia.es/uniaocw	6624046f-9769-454c-b4f5-1dd5e4d3bcf3
http://ocw.unican.es/	77334c80-bf46-436b-b4bd-4c824cbe2feb
http://ocw.uniovi.es	00e54389-09e3-406b-83ce-1d8df7d3219f
http://ocw.univalle.edu.co	88380afe-58f4-4367-9dca-1d3b32fcf55d
http://ocw.universia.net	92821641-a694-4dc5-a86b-023aa0a9860c
http://ocw.unizar.es	eedeb5a2-d33f-4d3e-92dd-a5a05ede8263
http://ocw.uoc.edu	12770455-d8c7-42b3-89ae-b52ba04f05cd
http://ocw.upc.edu	d6521e3a-b021-4adb-bf9d-8d13f18d28cf
http://ocw.upm.es	2858dcdd-5f6d-4167-80e7-0327bf2aebf9
http://ocw.upv.es	b71673e9-9945-4c47-b6fd-4a4217fe441e
http://ocw.usal.es/	471a8410-96fa-45fb-8fe3-91fc083a53cd
http://ocw.usal.es	471a8410-96fa-45fb-8fe3-91fc083a53cd
http://ocw.usc.es	92725a9d-c61f-4040-ba01-b19dfb059365
http://ocw.usq.edu.au/	eea84f04-e283-4ba4-b801-a7e19cee7ec5
http://ocw.usu.ac.id	3272fe04-b881-4709-ab68-52e09e7c8989
http://ocw.usu.edu	b296b865-16a5-4e7e-8825-4a75827bfc00
http://ocwus.us.es/	d3d7d6ae-8991-4cea-9ab6-9b02983f9946
http://ocw.utm.my	11633f2f-cab6-48c7-a5c8-901b61c10ec0
http://ocw.u-tokyo.ac.jp/	c9e40d42-2640-4a72-a555-5b5126633862
http://ocw.utpl.edu.ec	f4d9db0d-8c63-4803-b4af-be7d633aba67
http://ocw.uv.es	8058142f-87cc-4221-b7a3-20a17708e040
http://ocw.vu.edu.pk	aec1d9b5-739d-4336-adef-132bf0b4a7d2
http://oer.avu.org	05e6b382-beca-4947-9003-78e75f26db91
http://open.agh.edu.pl	1f8c31fd-4e06-4b5a-a97e-41f97538bdee
http://open.bccampus.ca	004f9ea8-7178-4a3f-9cc8-db77676b8d1c
http://opencontent.uct.ac.za/	33590ded-0907-45e2-bcd0-aaaee9dc2911
http://opencourse.doshisha.ac.jp/english/index.html	9f3eb6b0-d957-49f2-a419-43b6f1a6e9fe
http://opencourse.ndhu.edu.tw/moodle/	1b5b2dbd-e5f9-48fb-81c9-4b5468847df6
http://opencourseware.kfupm.edu.sa/	cb4ea867-806f-4a13-ad2c-b56b6b997961
http://open.dsv.su.se	5bf24ec9-e6a0-4982-baf8-ead87f1d1e58
http://open.umich.edu/education	2d087762-39ff-49de-b001-c8a744bddecf
http://open.uwec.edu	ac542c57-f509-46c2-acf1-47b3b1fd6a71
http://openviauc.dk/	e37efe59-42a1-41c4-ac75-120e0b2c5120
http://saintnuno-university.org/	2e2db2fb-be43-4d4f-a120-b65469b237f0
http://saintnuno-university.org/ocwproject.html	2e2db2fb-be43-4d4f-a120-b65469b237f0
http://savoirspartages.institut-telecom.fr/en_accueil.html	07ef2d25-f806-4239-94fd-941dfa6f0bab
https://iversity.org/	003d9d8f-01c4-401e-9e33-4d2f011d8a63
https://iversity.org/courses	003d9d8f-01c4-401e-9e33-4d2f011d8a63
https://ocw.um.edu.my/	8dfff563-a134-4ac1-ae21-22840fcb28ff
http://talk.tlc.nhcue.edu.tw/OCW	6603b283-b462-4c21-bcfe-182148b94e39
http://tocwc.nctu.edu.tw	aaa0dbf7-cb00-4ea0-9fcc-f2adfe492827
http://v.163.com/open/	d7cbc3ae-a689-4fe0-85ea-d8e0242a94f2
http://videolectures.net/	9d5336d5-e01f-4711-a94f-1e1cdc782cae
http://www5.fgv.br/fgvonline/CursosGratuitos.aspx	eb66e90a-2023-44c8-aa7c-9d995e51ce3c
http://www.camelclimatechange.org	4d602571-9dd7-475e-a0e7-bafa5b3587db
http://www.canyons.edu	5f0c2bd0-da1e-4474-b7a2-81e5bcc683f5
http://www.canyons.edu/oer	5f0c2bd0-da1e-4474-b7a2-81e5bcc683f5
http://www.cnxue.org	411bdf26-234c-4324-80c7-b1cd2c68adaa
http://www.col.org	6c08bcb5-fe43-418f-8fa2-9f82b795ae98
http://www.col.org/coursematerials	6c08bcb5-fe43-418f-8fa2-9f82b795ae98
http://www.cyberporttv.hk	41288e45-ce50-4804-88b4-b35474d207f8
http://www.deportes.net.co/component/option,com_joomdle/Itemid,27/view,coursesbycategory/	f12b2e66-d595-4dca-8177-b1507969cd22
http://www.deportes.net.co	f12b2e66-d595-4dca-8177-b1507969cd22
http://www.erp.sophia.ac.jp/Projects/ocw/index.html	35112a08-9898-4d9c-8a7a-4f053111645c
http://www.esags.edu.br/	d6d06038-ec62-430f-96b3-b3e71a845a4a
http://www.heacademy.ac.uk	e37c2ffb-61b7-45d1-86bf-44f433d2c866
http://www.heacademy.ac.uk/oer	e37c2ffb-61b7-45d1-86bf-44f433d2c866
http://www.icampus.ac.kr	d37d6114-dd52-44e5-8171-be0fb3d317af
http://www.icesi.edu.co/	585da2d2-cd04-4b92-a745-0f81ebf62543
http://www.icesi.edu.co/ocw	585da2d2-cd04-4b92-a745-0f81ebf62543
http://www.itla.edu.do	3541b9cb-729a-4dde-8220-87fe03ee1483
http://www.itla.edu.do/ocw/	3541b9cb-729a-4dde-8220-87fe03ee1483
http://www.jisc.ac.uk/	41c42fa0-b8da-40b8-b1f3-6b1dbbb75943
http://www.jisc.ac.uk/oer	41c42fa0-b8da-40b8-b1f3-6b1dbbb75943
http://www.khcu.ac.kr/index.jsp?menuID=20071120225446263853	0404fb92-aaeb-49af-acd8-b329c7caa9ed
http://www.kocwc.org	bfdd2d86-69e6-49c2-81d6-36efdf998a2f
http://www.kocw.net	3d29be49-b203-4c3d-9fdf-f5047e02a92e
http://www.kocw.net/en/index.do	71f5e353-5d28-4804-9085-7eb65fc363dd
http://www.msuglobal.com/ocw	009f24ab-1cfd-458a-9540-15ba7e7a1df0
http://www.myoops.org	dd43f23c-2480-4f2d-a59b-17e738f59b57
http://www.nixty.com	68680d3b-32ef-4af2-b2d8-36c7f48450e3
http://www.nottingham.ac.uk/	fd09d6e5-36f2-4475-a30f-235adc854c97
http://www.nottingham.ac.uk/u-now	fd09d6e5-36f2-4475-a30f-235adc854c97
http://www.ocw.portoseguro.org.br	e4a939dd-128b-4535-83eb-07bb4bf58d70
http://www.ocw.titech.ac.jp/index.php?lang=EN	9fb4f060-c922-4fcf-a49e-462204126c55
http://www.ocwupr.org:8080/ocw	73039ffc-e1fe-49ba-9ebe-ffa0b37cce21
http://www.ocw.vn	e719be5d-77bf-4674-b28a-af14d749d95f
http://www.oerafrica.org	fdb32059-4dfd-4c43-a11f-2e7808c10868
http://www.open.edu/openlearn	0e573f32-fdb1-4b70-ad4d-41491644746e
http://www.opener.ou.nl	0795bdc7-c2ca-47df-bfa3-384451e1d494
http://www.open-marhi.ru/	f11a7e34-ba57-4a58-ad3f-5efbd26d38d7
http://www.prepr.org	760a5d92-8837-49ad-9e9d-5fdb668e01ca
http://www.qumed.org	df223bec-6547-4300-97ef-075b09e774a4
http://www.qumed.org/elearn	df223bec-6547-4300-97ef-075b09e774a4
http://www.ritsumei.ac.jp/ocw/	32f523a2-dca6-4e11-9296-7c2bc05ec3fc
http://www.saylor.org	b0768d46-a282-47c4-9850-5835eed99331
http://www.sc.kansai-u.ac.jp/	cf7e0f9b-9b8b-4d87-a0a5-536fc957f4fa
http://www.surffoundation.nl/openeducationalresources	7cfdafbf-82ff-4622-b631-a83f91d59726
http://www.tutorialu.org	dabff12c-af7c-4747-86a1-e9210bb29dcf
http://www.uc.cl	476ce695-80f0-4a94-b69d-2b5020b25ce4
http://www.uc.cl/ocw/	476ce695-80f0-4a94-b69d-2b5020b25ce4
http://www.udg.edu	89eecf83-4d44-4c57-8e12-c24014bcbee8
http://www.udg.edu/ocw/	89eecf83-4d44-4c57-8e12-c24014bcbee8
http://www.unav.es	b8b6c261-d34d-406d-a987-27e37833265b
http://www.unav.es/ocw/	b8b6c261-d34d-406d-a987-27e37833265b
http://www.usfq.edu.ec/programas_academicos/escuela_de_negocios/educacionempresarial/programas/Paginas/ocw.aspx	1d07983c-cd1a-40af-88bc-3e33c9d20770
http://www.ut.ac.id/	659ed1d0-e92c-4044-bb72-990d60f41b27
http://www.ut.ac.id/ut-oer.html	659ed1d0-e92c-4044-bb72-990d60f41b27
http://www.virtual.unal.edu.co/unvPortal/courses/CoursesViewer.do?reqCode=viewOfFacultys	32bfffcc-5214-43fc-80c7-476899d8b85a
http://www.waseda.jp/	aa225442-c6b5-4038-a41d-5a99d4e23c0c
http://www.waseda.jp/ocw/	aa225442-c6b5-4038-a41d-5a99d4e23c0c
http://yct.ncku.edu.tw/site2/newocwcourse/ocwIndex.php	6e4c9906-d456-4450-a97c-34cda0b7c7ae
ocwc100Address	4d64eb12-5c8d-4e9e-8f41-30b5319b5ed1
ocwc100	dd6a2b25-e53f-4611-b7df-e978a37196bc
ocwc101Address	fc461f6d-ef85-4e66-8c24-08a608f9ff80
ocwc101	c31a90b6-af78-44e4-909a-0be97cd930b0
ocwc102	18907ad1-e452-47a7-8249-452d610fac02
ocwc102Address	4ca10267-fb41-45bb-afbe-7ac8449416c3
ocwc103	1db28953-385b-4c72-873c-4d4a44969a1e
ocwc103Address	8f41f72f-28a3-46b5-b672-b1e2773f3b8b
ocwc105	299a4124-3681-4a88-88a8-c82ca5042656
ocwc105Address	50a3485b-f911-4c4d-9158-056cb517e46d
ocwc107	9e137a6b-02fe-42d0-866f-4d6e164a56a0
ocwc107Address	dba0c641-bd63-4e10-b118-e9d1e098004f
ocwc108Address	8aacfc96-33fc-44db-b0b2-4ca90e716fb9
ocwc108	dcb18649-cb5c-4ffd-8256-e6590497bc85
ocwc109	41f39a7c-8d0d-46a2-baa8-521a481cf030
ocwc109Address	3b5ffd5e-3c13-46cc-8589-0e3690843ebf
ocwc10Address	c27d32a4-6674-4686-b114-9afd3b2c6ccd
ocwc10	b3da2c30-60ca-43ff-84af-a748ae700596
ocwc112	4ee895e0-f99a-47d1-bf09-6076fc400296
ocwc112Address	1e7deb4a-8e28-4540-8e5a-595325c0fd23
ocwc113	4ec91d91-5e03-4139-bc6a-369cdf62a8a7
ocwc113Address	7c658274-4d66-4e13-aa11-b6a59a811ccd
ocwc114	98c0a804-2e47-46e8-9456-ec6119d4cad0
ocwc117	8dba3010-dcee-4b2d-a9e8-b056aa5882ff
ocwc117Address	6f6a75e3-f8cf-4ac9-afa5-80f7e4b0962a
ocwc118Address	aa2a16e5-5a3a-4fc6-a33d-e57ec1762ef2
ocwc118	ce0de68d-01c9-460f-aa47-d9f25e90b9ab
ocwc119	1b15774a-dd00-4157-b94d-1225611b587a
ocwc119Address	064fe673-c503-4255-b612-d9604a17be81
ocwc120	576276b0-e195-49c5-9c20-f9c995851e5a
ocwc120Address	9a6e5685-482d-4956-9f04-3e2576db2632
ocwc121	4e07ae12-bc2b-4ddf-a5b0-118d252ba3f0
ocwc121Address	3ffd6e74-1c30-47df-8db2-a9db51dd7de1
ocwc123	276820fe-520c-40f9-a1a2-cb29f40c2962
ocwc123Address	dd6c08d4-b4c4-419e-b333-6f640b50588c
ocwc124	a92a8fb5-1727-48ba-8633-efc8091547c8
ocwc124Address	007dedca-2207-4c9d-a76b-dcc42d351c44
ocwc125	4a91500a-312e-4bee-a956-1c1368f9c5ae
ocwc125Address	67e131c6-0c52-4a7b-81cd-242993bd4e0d
ocwc127Address	771c9377-32aa-49ce-b2fc-cd9fea73c30f
ocwc127	c49f7e47-5147-4759-b658-465a2326201d
ocwc128Address	c1ee06cb-36c6-4f14-96d3-65537647a9b7
ocwc128	c2f952e3-03ad-4d03-8e4d-af7f8b537add
ocwc129Address	e3279bfc-2df5-4118-8694-34735a477539
ocwc129	b37519c4-546d-468c-b65f-37fd731b9569
ocwc130	3e05fd37-3fa8-4033-8299-d168920b5aa1
ocwc130Address	0a0efb60-a1ce-4a19-95fe-bf3cb16972d2
ocwc132Address	ea65a5f0-5459-47cc-820c-cf008431a9e6
ocwc132	cf4cd098-8248-4de6-b763-4257226577e1
ocwc133Address	0c9bf73c-1ec3-47f0-8350-f5fe7a84f6bf
ocwc133	af8fd9d4-382d-40cf-a54c-6e0c6add7e92
ocwc134	9aaad40c-0ea4-4455-8e71-8cbd79be0030
ocwc134Address	cd2f3985-81e0-4dc6-b084-b9798f93135e
ocwc135	22d7b285-cf02-4ad5-9ab7-b3a835375000
ocwc135Address	6afff935-df60-4bd3-9792-65f4ee2ae079
ocwc136	4eae47b8-6b2b-4e4f-87f4-7fb143c5b8df
ocwc136Address	50a9a3eb-b3c7-425c-bd9c-80db6eb1a2a5
ocwc138Address	b936bb56-dc2d-4143-871d-84d599df9532
ocwc138	e40b0c70-21e5-4f63-90e3-2e5814a0da25
ocwc139	636ffdf2-94ff-4b2c-9eae-a870f4ae6a96
ocwc139Address	b8b2614a-8a3a-4177-bd43-b2d4a780bffd
ocwc13Address	1e75295a-8e30-4b2e-b961-a2e10f4da24a
ocwc13	ca717ccf-0b5f-4587-92ff-87da269689b3
ocwc141	3a352775-7c92-4b62-ba9c-ed8f0d890a94
ocwc141Address	06a07864-6f04-4130-993b-d4586e2d12ae
ocwc143	6152fa16-f72b-424f-9c36-abe72341a34f
ocwc143Address	876071c9-2533-4e3c-ae16-3c50318b0d99
ocwc145Address	2716ca0a-e711-4041-bf66-a197294a7956
ocwc145	b96b9358-854f-49bb-b3e5-1bf1b0b0d250
ocwc146	2f101f2a-b01c-46f1-8e1b-7fd83b1a9a09
ocwc146Address	2d35c214-2d48-404d-85d5-b4d9e371bd29
ocwc147	97162553-8719-4d1e-91f0-715d11992bd6
ocwc147Address	c8e754e5-26e4-433d-930d-74aba153039d
ocwc14Address	52c7c809-5d89-4512-8114-a4a1e380ba66
ocwc14	e1624f0a-a3b3-4858-adfb-b9383597d9da
ocwc15	07bb9c9d-699d-400e-98fd-ba872a64c175
ocwc150Address	70744c61-f03a-42ec-8c72-a691efe7ce56
ocwc150	c0e6c767-07cf-46a7-add3-6676cb6a5b7e
ocwc151	ad44666e-c124-418d-899a-5e5177f37d3a
ocwc151Address	893c4388-3c15-45cd-a953-ceb52d015041
ocwc152	5f1f4e6d-dc99-4c8f-8b10-270ba26d6c03
ocwc152Address	b55c0f2c-6817-484b-b446-01419be26ec9
ocwc153Address	f7ba2eb8-b8ad-492a-a409-de4eb4789ee7
ocwc153	faa5ec16-8566-4082-a336-04cd8b35ecc4
ocwc154	9b7974c6-224c-465c-9041-3595903f2da7
ocwc154Address	30c5841d-65bb-426d-9f05-2db55509a51d
ocwc158	80fcd584-b385-4668-b2e3-549b4e79ef7c
ocwc158Address	7a64c68d-95eb-45d0-a7b1-6ccc87cb8b17
ocwc15Address	641d47cf-5677-49e3-aa40-a93ec35cc27d
ocwc1	5e75df6e-84a0-4c57-b5f2-9bf47317ca8a
ocwc164Address	45c0b15c-bca9-47e9-aad6-48fce72b63fc
ocwc164	ec63b9f7-b5af-43f9-8667-9ff9f6eda409
ocwc165	2ae93165-d2e3-4b2f-8c2b-c922ed9a12f0
ocwc165Address	3ab7c8ba-4d6a-4ab9-a827-fa55593891ff
ocwc167	680a5467-9161-4160-8fb4-0c7bd23bce57
ocwc167Address	d550f74b-304a-474f-a1ab-78e48e42c127
ocwc17Address	cf476b57-f601-4d02-839f-caceb2544b92
ocwc17	f14c109c-fdd3-4295-8ab7-84c9e9c7550b
ocwc190	09ab403d-78c1-4d5c-a15b-9c6bb4892574
ocwc190Address	90b92f08-7e00-4c18-a850-27901197a6f9
ocwc1Address	5e0e8736-25d8-4a81-b8b2-98e95e39996a
ocwc202	0e3f2ba2-e0e3-4888-9420-d81c6ddb0b76
ocwc202Address	3039c7cd-0948-4c4e-9814-4a948ab58b5e
ocwc205	23a86495-9a13-4beb-be34-59de1784dfd7
ocwc205Address	ccfd0456-1304-4cd0-b4cc-69e5f3968fb9
ocwc206	9458a1ae-406f-4827-8459-6dd2f99493ba
ocwc206Address	aec4ae81-29b0-46c7-8635-e3cd200ef503
ocwc208	322a6820-0291-44e9-8373-e529cc0ac0ea
ocwc209	8a5d7510-f660-4b07-bdd6-a1fb6b7e0c6d
ocwc209Address	5104f0dc-292e-4359-9ab7-2bd67bc1b841
ocwc213	95308f8c-bea0-46d0-8b61-bf39566c6e22
ocwc213Address	889aa656-c68f-4ad9-8267-03f0410b5af3
ocwc214Address	9ea586dc-21ad-44be-8209-3fe479217130
ocwc214	cd613b01-a235-4a92-83fc-014728f1da66
ocwc215	0d3c90a8-20fd-412e-8ea8-8640d4571c09
ocwc215Address	5b901cd1-4a17-4f15-8754-bd2111ad7d70
ocwc217Address	8f00f9c6-91d0-45e4-8f7f-c0c1d72d2e6c
ocwc217	b9dc0e8c-3444-404c-884d-e5df7a26a30d
ocwc21	94f8bb61-34a0-43ca-8d0a-258eb6ec2c06
ocwc21Address	b07aabef-ab64-4ece-bdde-17b0b1157507
ocwc220Address	0d5f7bfb-60c9-489d-bd54-bb8b56ea18eb
ocwc220	f27c0b75-53bb-43dc-a1fa-c73c8406b01a
ocwc222	5285494f-ea40-4391-a58a-dac205f1952b
ocwc222Address	f226cfac-f2c2-4335-9775-aa2c169cf1ef
ocwc224	97c1cfed-2cf4-42b0-a29e-b8dec3079ad7
ocwc224Address	102d85e6-3a44-402d-9756-a6f36f2ba763
ocwc226	4bec5e8b-bc5d-4af0-9e5e-83586b40bc89
ocwc226Address	e07996c3-f377-4fa3-b6bb-5b0ba3ac398f
ocwc227	5e3ca60f-f4a3-4dd0-8f1c-84e44ef5c844
ocwc227Address	443d3b06-adf4-43ce-a46f-1e0dc0b483b8
ocwc228	0c74896e-b2c9-41a0-9c22-259bf1ce2c63
ocwc228Address	ac167dcf-030b-48a3-9e6a-ea3095bc34ee
ocwc232	48b47d1d-7be8-4c22-ade5-150a561322a7
ocwc232Address	44018c7e-3ba4-4ffb-8473-9dd75b013069
ocwc235	38b80d2b-0d19-489e-82f2-1918d05fb01d
ocwc235Address	53b00d40-96bf-49d7-94f1-95de54798305
ocwc237	1b25cbaa-00ac-46ff-9e96-be00feb10ed4
ocwc237Address	21427b7e-6113-4443-87ea-cf612f2963b3
ocwc243	2b54388a-edd3-4597-9622-be8f2255d41a
ocwc243Address	11ccda4f-7389-48bf-be90-341d4413fd81
ocwc248	2f289727-ee2d-4e7a-9513-4a98dbdef290
ocwc248Address	c2ed584a-a1df-4d9b-9354-4009d10185de
ocwc261	74f32684-76a4-436c-8761-bede211d8980
ocwc261Address	60e7b96c-e850-48b9-9c2e-9ce1069903b9
ocwc262	03d57204-3215-4a7e-9132-a3411a8f4ee0
ocwc262Address	54d6b3e0-1cdc-4c78-859c-174a16605214
ocwc27	058de759-e2b6-41a0-bd7a-71abfd975681
ocwc270Address	73676702-52a1-411c-a10b-2cd46d2cdd12
ocwc270	fd35f266-f89f-4521-a48e-bf0bb07d5b90
ocwc272Address	f99ac90e-b275-4aa4-bc16-28aba4d3ea16
ocwc272	efe7b455-3343-465b-b027-621f80d75f28
ocwc277	58679702-f036-4bb3-8989-d41f71668306
ocwc277Address	797232cd-0f24-4899-aaf9-219280472bf0
ocwc27Address	7ef81b54-2c09-4b4a-8136-2e70c5475c5c
ocwc29Address	bf78bfb1-4cae-44ce-8830-f30d2339f9d8
ocwc29	df2ad872-9fd7-4344-9750-0cee5410a689
ocwc31Address	75d37451-b4bc-4152-b73d-af107a6586ac
ocwc31	ddb9e55c-bb9b-4457-a674-2b8ff38d3bb6
ocwc321	ad4efebd-757e-407e-b9af-b2aaa806534b
ocwc321Address	1229c0a2-f2ca-410c-b312-95ce004b7da4
ocwc32Address	4b4dfd93-7495-454b-b7fa-cfe0a37f3202
ocwc32	afd84315-4779-406f-832f-f12b41389443
ocwc33	4ac9b47b-f3c7-499c-a8a4-bd526f42a1c5
ocwc33Address	72652799-8c65-41d2-ad01-4a2160eff916
ocwc34Address	527661a4-8a57-4186-9dbd-85e2785b03cd
ocwc34	c5573243-b981-419f-9b70-89d0e265cb35
ocwc35Address	7638f6b3-72ed-42ab-a155-4b76d8a022e7
ocwc35	bf0ac4ae-d262-44a6-a3ad-913dc335df89
ocwc36	7d4549f2-5854-47aa-b26d-42db5aaf8895
ocwc369	909fcf11-6755-44c0-9ee6-324242b5fcda
ocwc369Address	b18de30b-2914-4df8-a3d6-3b3aa4d305cc
ocwc36Address	1cea276b-0307-4cf4-8109-f7535e924323
ocwc37	04334222-0725-4edf-99c1-bb3345364bd6
ocwc370Address	1bcb43dd-76d3-4576-8a82-008aa677da62
ocwc370	ee479855-3c03-47c4-b256-1b35f78da110
ocwc371Address	2104e289-e858-450d-93e5-22d96c485fcf
ocwc371	b9d9e002-645e-4700-800a-b6f2b71bc004
ocwc372	8d2d4054-488e-4049-b25e-8357d4b6c380
ocwc372Address	95e4f266-f49a-4e9d-aa80-55d246927eda
ocwc376Address	a133b785-8747-491d-a512-c35ee1e9521f
ocwc376	ea1bc1ec-e0f5-4965-8451-258f53ce2d2e
ocwc37Address	5bb46a68-2ba5-484a-bf61-1a42c3522c2c
ocwc380	2e939d4f-b775-4b17-af3f-1c12cf9ef882
ocwc38	09d93314-a76b-47d8-b713-5170405a102d
ocwc380Address	830cd9ed-78bf-4b2a-8a56-0f038868dff5
ocwc381Address	b77badb6-edab-4eaf-a4ca-440193816624
ocwc381	e95402a8-8d7e-4b74-a68c-278ca3ca1be5
ocwc386	4c4abae9-80f5-46e5-8713-0986fe37e79f
ocwc386Address	191de0ec-2338-4954-8604-2897a5f68f55
ocwc38Address	c20ac3a3-a663-4c1e-bcba-05acbdf889c0
ocwc404	7eee69cb-a218-4bbe-b6c3-5bb0c75cf4ad
ocwc404Address	d44d6668-c143-4275-8d87-4e3641fbaaba
ocwc406	a6718733-9a6e-4f5a-9859-d4a4fa0b6172
ocwc406Address	7053d3d8-8e8f-4114-a36f-d11ad63913bc
ocwc407	4da07b04-6ff8-42ae-a5bb-bdf585967e3b
ocwc407Address	7a082b2c-ff42-4817-bd4a-80043d6d5851
ocwc408Address	c7301492-9241-46fb-84fc-b6c9cd086e8d
ocwc408	b87cd10f-c537-499c-803c-c15bdb76a15c
ocwc409Address	23f3ab96-812e-4489-9888-4d1a6c224f08
ocwc409	ae994a7f-aa9e-4c9c-8b33-eb3bb5b181d8
ocwc411	6423e867-5c01-417a-b782-f98c67ee2636
ocwc411Address	8201714d-4dfa-4669-97f7-53a6c3b1f719
ocwc412	14de9ef8-6678-4184-a986-58b2417abe6a
ocwc412Address	eeb66ebb-6bf2-4d53-83bf-636d55f099a0
ocwc413Address	8afef182-f4cf-4f82-98a6-dae2ab9fbc61
ocwc413	f9a582bd-f35f-4812-83cd-4896ce3d8bc7
ocwc416	4d11dbee-31cc-42ab-9e70-2bfccfcd4cff
ocwc416Address	4b497db8-b25c-44fb-ba0c-2cd61f48c090
ocwc417	2ef7a095-dd62-46fb-ad09-fb5812c4e6c5
ocwc417Address	237cb524-c29d-4735-89d8-cac043a9a909
ocwc418Address	b4cb379a-b698-4342-881f-eb60560e4202
ocwc418	cf885cde-dc61-42a7-9012-7c9bb5b43bc7
ocwc419	24acb4c2-d2d9-4c38-ba11-2bce7ebcbccb
ocwc41	9632ce8a-7ee6-468c-af94-65d6143ab96d
ocwc419Address	4754c9b4-198c-48f1-be33-2cfb0fc52379
ocwc41Address	8c4dea03-91e8-4aa1-9975-d095671fa080
ocwc424	33622823-bf58-471b-877e-f559684d0763
ocwc424Address	787833b9-9cb6-4e62-b920-de8b1d854413
ocwc425Address	df51e2c6-0fac-4307-88e7-679505a40428
ocwc425	b32794a7-8794-4758-9c85-0ef14ff94375
ocwc427Address	fa49dc5f-25aa-43f9-b07e-9e19f4322647
ocwc427	b8c6222b-fe20-44a2-ae52-2510bd054244
ocwc428	2502689d-8bd2-4e02-af67-f5ba562eca8a
ocwc428Address	de3944a8-9cad-409e-98ae-b1e163bf7906
ocwc431	9b5ec98f-aa9c-42a4-b298-ed3b56e89083
ocwc431Address	c25d4cc9-d6fe-4a4b-b807-6056d960b366
ocwc432	49b35e71-3260-45de-af75-13f9916bca1f
ocwc432Address	54b32f33-0d87-401d-87ce-16c1394946f8
ocwc434	6f008318-6568-4c70-9f91-690ad3c848b6
ocwc434Address	3cb7e312-50a5-43e4-81a4-25294d539e50
ocwc435	9e5c74d8-e907-4c8a-b2b1-bb834803b9cf
ocwc435Address	ad6e331e-14c8-4281-a8f5-92189e007d33
ocwc437	84a277ba-c0ac-4d52-b9a4-ec064cd9ba3c
ocwc437Address	bae667b8-5802-42d0-8f99-626622baf061
ocwc438	86b475a3-b6bf-4d24-ac71-1c8dd670c82a
ocwc43	8ad2e337-5d3a-44e9-8825-519fc02c9f3f
ocwc438Address	54fc8055-5a0a-4a90-aee1-7aa90d801083
ocwc439Address	291cff17-5acb-4630-82e8-f0a2d9a2ebe5
ocwc439	fdd56f51-cef9-41d3-a5b0-911625d85d8a
ocwc43Address	19986fe2-ae15-48da-8dfa-598d75f8a752
ocwc441Address	49abdade-be59-4989-b1be-b1772f2ce9e5
ocwc441	facdd08b-a6eb-4d55-b5e6-4c77c489d699
ocwc442	a4f3e4bc-9171-4baa-87f8-c119e032d5f6
ocwc442Address	7be4e838-9052-44ee-b757-160e788de02e
ocwc443	967e459e-ec52-49a9-bc3d-1734401d6a2c
ocwc443Address	4e0282e5-61b6-4240-afe7-1babdd7aa495
ocwc444Address	6ea3bb57-11e9-485d-909e-a9bfd33754c4
ocwc444	f496221c-32f2-4f2c-b7a7-cdea91e09d2d
ocwc445	597c5e89-8488-43b8-b476-846082c86c8a
ocwc445Address	25f995cf-1580-4536-9d73-7604fabb186a
ocwc447	4bac74f5-ac18-4d18-8b3c-111bb813ba4d
ocwc447Address	7868da34-a96d-4558-8fa8-5e395a84a10f
ocwc448	3d3454bb-317f-457f-b303-7393e0f70b38
ocwc448Address	81732a0c-d052-4fce-b766-a25e36cfae1d
ocwc450	954ff4a7-dd7c-4fc0-b224-0b2b7459c633
ocwc451Address	5a6ef953-4702-423d-b6ee-453059cd8f63
ocwc451	dadcf021-f92e-4677-a86d-b1101b96e83c
ocwc453	9df95867-8a90-499e-8932-316274dd3f05
ocwc453Address	04e188e4-3d5e-430e-bcd8-8aec79571724
ocwc455Address	45c2d54f-f7f4-4908-bee1-9719a62858e9
ocwc455	af5007df-1338-41d9-98c6-151c2a4ff0b2
ocwc457	0e31ed31-9e84-44f3-9a15-410533a32f8b
ocwc457Address	0fdfff31-84e7-4e38-9888-36f180220d94
ocwc458Address	ad3f9803-1966-4b2c-83de-35128b14d465
ocwc458	d4335514-7821-4c15-9168-5122fc052791
ocwc459Address	a1222406-ddd0-4599-9b0b-7a99b25f8f0d
ocwc459	d93341a9-9a1f-4cf9-bd55-cc02aaa28993
ocwc460	6827c24d-c8e4-4703-997a-1378d0c4bb21
ocwc460Address	7b06eef5-4fb6-4ad0-bdb0-8076497e0efa
ocwc46	0b7545a8-6f77-4017-869c-00b1d3c028c7
ocwc461	21ac9d53-1edd-4e92-8171-5213849c3b95
ocwc461Address	4a284a5d-bb7f-45e7-9cc3-e7bfca6911bb
ocwc462	7457b93d-85d1-4725-a153-b3a2f43ec709
ocwc462Address	61361017-d6ea-49ff-aa09-55a895673dd1
ocwc463	22e21471-0b00-4a95-9a2b-1dc2e0d6d2f5
ocwc4	632383d0-3025-492a-b498-03e34bbb9a83
ocwc463Address	932b28db-5d78-47b5-8171-4a0d953d778d
ocwc464Address	465f24f3-4ce3-4e9f-a206-a6d61c68d5e4
ocwc464	c32b31b3-7d2d-4fcc-a8ee-a0b467fc05e0
ocwc465	a7e90884-1868-4006-b8fc-75f97095d222
ocwc465Address	db7ac947-4a57-41b9-b05b-3f6434530acf
ocwc466Address	d8ee902c-93f3-4590-bad8-c1f2b5a16cb2
ocwc466	e4dcbde0-8e45-47ba-ab13-ffca60fcf38a
ocwc467	113e6fba-5f62-4221-9d04-a11d9d15b2ca
ocwc467Address	f4142229-aa5a-4c6d-8ff8-8a5293e32e99
ocwc468Address	bba75b6b-ab7a-4566-a934-eef7f335f716
ocwc468	ff48e4f3-a8b9-417f-8cc9-d1c844d57634
ocwc469Address	0c30fafd-78f1-4a56-9fa0-bcf1627d851d
ocwc469	bcde587f-8216-4584-a3af-ec3b3280a448
ocwc46Address	30be5a3d-a003-430e-aa03-b3f52b4329ca
ocwc471Address	d2e8980a-2410-4dcf-91d8-b2c6897254a9
ocwc471	c07286a0-4210-48ea-954c-52b7560477e1
ocwc472	2658d276-0bfc-41fb-9974-7d034f64f102
ocwc472Address	e7e63cb5-40b2-4b79-8fee-2b39af2ca215
ocwc474	8a36c637-961e-4c56-b15d-b8985150e3df
ocwc474Address	efa4226d-cee7-44b2-8d10-c41ee1cade67
ocwc475	3c45d0bf-d10f-4534-8a69-d81c9e157781
ocwc475Address	4785740f-4441-4a31-ae42-76cc4fa43888
ocwc477	aa5c7dc0-a06e-4ada-9571-d9195bb3ca9a
ocwc477Address	cbabdc76-81ed-406c-b2fb-ad9863acd996
ocwc47	84c3574a-26b6-4515-8c0e-60c954c3ef62
ocwc479	1f5c60c7-d6bc-4efc-89ce-675a930dca0e
ocwc479Address	0a260b4c-2963-4d65-b408-eea1eb042b4d
ocwc480	58249f51-1ce0-4213-9cce-a1448b5c73dd
ocwc480Address	8c8a40f8-ad5a-4444-bbb1-fdf3c485bd3d
ocwc481	9c4b5eb5-9a79-4361-93e2-143aaf6d0621
ocwc481Address	70c69284-4dec-4f1b-a58b-25577c3ed633
ocwc48	1c44a8da-2c05-4d87-9e6b-7bacbf3bb918
ocwc482	a6cf9b32-4c83-402a-8a03-8c0ce159ae2f
ocwc482Address	46570ca4-2916-48cb-8313-8b2b7d05bb58
ocwc483Address	2d2a192e-72b2-4c2e-a6ba-559e4271e0c8
ocwc483	e0c1280c-398e-4d9e-8582-f73a5acee61d
ocwc484	5d438b79-84b2-49b5-88f8-149bda5f1ca7
ocwc484Address	9a494308-0b9e-42cc-8880-0bd80ec37190
ocwc485	57ade415-7591-4986-b100-fd0965ef77c0
ocwc485Address	c9ec3b2a-e2a7-4e18-9f35-7311ff5797b3
ocwc486	11752351-39f9-424d-8de5-8e852c54820b
ocwc486Address	e60c091d-07f0-4792-8730-b57311f08c78
ocwc488	44c0b49b-4bd6-4cd9-ae05-9a453dca25c4
ocwc488Address	0287f2c4-1847-4ef4-8687-35bca0f6a4fd
ocwc489	03eb3458-dc7a-46d5-817a-9e80ba9b0f52
ocwc489Address	356fcebf-15ba-4cb2-a1f6-111dd46b6a75
ocwc48Address	c020655e-af23-488e-8d00-a71e5046ac8d
ocwc490	0c3d13d3-9ac3-46fe-addc-0c2ab2cb8b82
ocwc490Address	88fb7d50-bdf1-4957-bbb2-7e1695385c2f
ocwc491Address	5b40f8fb-aeb1-4f4b-8a6e-5afb75633e8d
ocwc491	f51b73a9-228c-4e7d-af72-4aa88ab4c7b4
ocwc493Address	15365675-c127-4b53-a4c9-575832eb5b3f
ocwc493	f5509e2b-fd61-4624-8500-d95683450f70
ocwc494Address	dcf59e6b-f38e-4005-9ef9-f52114f3fa1f
ocwc494	eddcf906-8a49-4d6d-be51-3416df05bcf4
ocwc49	560fd944-3b1a-4fbc-a22a-ad189979abce
ocwc496	ac3c63ae-1ae1-4d5e-bb6a-8a5bf1754a92
ocwc496Address	94c81f5b-4dc3-4014-aea4-fff52c062904
ocwc497	6ea82171-fe78-409a-915c-35a4790dd992
ocwc49Address	f2ce7bc1-80fa-42a1-81b0-f904442c922f
ocwc4Address	2b1e322f-d43d-4e8d-80d9-2bebf59295f9
ocwc500	9648a2b4-b2ec-4aad-8acf-95ee9e4c88c3
ocwc501	6ffc0e91-874c-4475-88be-aec44dcebb19
ocwc501Address	0a41e52c-cdb6-4e9c-9ff9-cc79612bbec7
ocwc502	0a98a581-32d9-4dd5-bad8-57a3ee2b13c3
ocwc502Address	e6e38191-daae-4668-85e6-e1946d393bc7
ocwc504	67063b39-bfe2-4e3a-b226-3652ac5de2d9
ocwc504Address	cd37ad78-dc0e-44f5-8d9b-7139666905c8
ocwc506Address	0299c206-7109-4c3c-a85c-51dd81b874a4
ocwc506	b378e283-00e7-4e6d-b8f2-6acd5a1bcd9e
ocwc50	721f59d3-07bf-4724-965f-458c6b60dc4b
ocwc50Address	e5d1438a-56a4-48c8-924a-eddf5845502e
ocwc510	a1e6acee-e38e-4432-9307-3c247ebc1955
ocwc510Address	5788842f-af38-4676-9736-c42b4dc83dc1
ocwc511	74985e16-7c97-40d5-8185-7c8710e560a8
ocwc511Address	0d55cf5c-7c29-4c30-93bd-f48e7b3c6b36
ocwc51	1fb955fe-d573-41b0-a3ef-e19d7e5d4872
ocwc512	daa2353e-d117-4dce-b94e-24132fdbedf8
ocwc515Address	fa0be72f-cb3f-463a-977f-967ed7666ed4
ocwc515	f6054d25-c9e7-4cd2-994e-20d44aade16b
ocwc519	898fb23e-66d2-4ae7-a9bd-fa89fc67e31f
ocwc519Address	7f17761b-12e9-4fe1-93bf-29cec38d6e35
ocwc51Address	be0f33f0-cf2f-4770-b068-e3b442c2e9be
ocwc52	1699d174-a7b3-46d2-b553-5f1af0dc843f
ocwc521	77cc6fe2-1704-4b2c-927a-7f03bf7dd315
ocwc521Address	be8ca5a2-08c4-4af6-95a6-95df64b3879d
ocwc522	68bdf44d-4535-4efa-a62c-daa3551d7536
ocwc522Address	c888ecac-ad94-4f66-b8d2-a158aa24fd64
ocwc523	2c7c876f-b1c4-4635-a2cc-c1b4a52065be
ocwc523Address	3a9b9067-c1e7-4751-9d4b-2a8293f12199
ocwc524	1f4269a9-0103-4d9f-913c-5f127a5dab88
ocwc524Address	f1f65280-0fe9-403f-a7a5-4c9ae7f1671a
ocwc526	97a171c4-6137-44c3-bc09-6502fc32dd94
ocwc527	590fe87a-13f7-431d-b4b1-67120232027c
ocwc528	9ce02870-3f31-4213-b979-4dc297d12599
ocwc528Address	cdcecd86-90e8-453e-8257-6b1703b9f93b
ocwc52Address	62f49072-c572-4067-beed-214f8b46ce58
ocwc531	71ec989e-2f41-4922-ae17-8fac001dfbc7
ocwc531Address	20e4d42e-a5d3-42f1-8266-a6eb3b31f663
ocwc532	84592064-cf9b-42db-b348-58c7440b5836
ocwc532Address	b9de2ecf-932e-4bbf-b4c4-0f2cf15879a5
ocwc536	03ac0dbe-6075-488a-85ba-1cb117a084e4
ocwc536Address	f63b5f24-a87a-4843-a0c4-754d74667329
ocwc537Address	84fb61f6-d6ef-4b60-9fc1-8010fd43fa32
ocwc537	d5def92c-3557-4b67-9e7a-c695e9a022e7
ocwc538Address	b5b96db9-24d7-48e2-a536-56dbba2d3d55
ocwc538	dee11017-16e1-40c1-9f79-549b1cc127c2
ocwc539	14b4177c-02b1-4004-a99b-38d431c965ed
ocwc539Address	19f32966-8da5-404a-9c14-94d33d906818
ocwc53Address	f6b91bee-7de3-4489-acf9-cbfce2b714ef
ocwc53	ec56ab5a-bd84-45d4-b4ac-a45fb10c544a
ocwc541	227ea4ad-faa6-4fe1-958a-e677f0f4cd57
ocwc54	18c074cd-82eb-47df-a42d-175cd9e553e3
ocwc541Address	ac8fc3ab-9aba-489b-8087-fa0b73fdd99c
ocwc543	ed5066b2-76fa-46ea-ac9d-485f427128b8
ocwc544	6bf5df3d-290c-4901-bcbd-c3e94c2b1546
ocwc544Address	600d77e1-93af-4c24-9dc4-51645d5d3f49
ocwc546Address	5a96463b-cc00-4e78-949d-692c2f970f2a
ocwc546	cbcdb571-5c72-4d5b-8216-a0510cb7abf7
ocwc547	e9e86a80-d592-4029-b9a3-f397bc81a5fc
ocwc549	82d0331e-53c1-4ac9-bf79-b8d9619ba971
ocwc549Address	ad8fbbb2-f658-4d49-9918-b4321fd7245a
ocwc54Address	b0f52866-4adb-4502-bbdb-3b43f83fd11b
ocwc550	a5d2b324-b6fe-4e3e-835d-bd941bf225da
ocwc550Address	538ceab0-3a1a-4f96-b096-6aeb926348ac
ocwc55	10a58764-53d7-4162-b56e-2cce4c9cb17c
ocwc552	55df635f-ee34-4806-97a6-7c3f4783a4a9
ocwc552Address	cbeae951-424a-4525-9d9d-da8dcc07d303
ocwc553	5ed6975a-19fd-405f-b928-c229efa7d664
ocwc553Address	97887917-4c88-4268-85bb-6650e5d2a6d6
ocwc554	a171d8ea-be57-4311-a435-8fe20f6925c3
ocwc554Address	70c4e8d7-23f4-4361-96c4-cb2aef65221a
ocwc556	4384a87d-6a3c-4bc4-a7d3-852f8012821e
ocwc556Address	ab6a9d8d-fd05-4895-8195-6052254c112a
ocwc557	799b9b91-094c-4b7c-b8ad-a63a21032ffa
ocwc558	00b7da8a-8766-45d3-82fa-8c37cea02ef8
ocwc558Address	83ca0794-bdb4-4def-8da5-30939f2cec6b
ocwc55Address	142da0b3-e2b9-4c62-8c9f-5fcf9a1f4578
ocwc561	61ba6607-777e-47d5-9da6-b791bb4b239f
ocwc561Address	c53336c6-cda9-4ca6-96c9-41478365e540
ocwc562	8227b8dd-2cf5-4563-ad42-42cee5c312b2
ocwc562Address	ea8984e5-9fd3-4b17-ac3b-ca03829f5ca8
ocwc564Address	1b44c3ca-5652-4ba8-8c9f-edcd08d094aa
ocwc564	b3c57f44-3c0c-4a24-8138-93c46a15b36b
ocwc565	5957b260-2a4e-4504-8f0b-1f118e7f60ce
ocwc565Address	285b9756-9ab0-44da-a529-c18afaf890b5
ocwc566	771474d9-1859-4613-a324-a07e5d8596a7
ocwc566Address	db5b0226-3514-4ed2-a1ad-847a7ca9b9da
ocwc568Address	edafc0a5-fbfc-4822-9fd3-2302f8c6da81
ocwc568	b81b9000-fc54-4f34-a189-e76a16058e39
ocwc569Address	ab14fc2e-e790-4fe7-97d2-1497610a1da6
ocwc569	cc7fc51b-8711-48e5-a071-f20f5918450f
ocwc573Address	3494a7fb-e2e9-4d5d-938c-d05f7bc0bddc
ocwc573	dcd92cdc-d994-4848-91e1-de3a8b9fe326
ocwc574Address	b727916c-366e-4a60-bd46-b8b3333ae8b6
ocwc574	d6ce72a7-f613-4ace-bb2c-c0a370fe7a4b
ocwc575Address	9ec880ea-c1c3-425b-8d73-2b1fa8dbaffa
ocwc575	baf98fe3-cb8b-4e27-995f-3af13ef809d7
ocwc577Address	8358dd43-d846-4ce5-8494-4ee27d890984
ocwc577	ba48e2ff-6851-4c12-9a37-d4fa3594fbe6
ocwc578	6053e11e-e879-4a87-94b4-954615b20375
ocwc578Address	6e02521f-55f8-444a-9f73-f786da335817
ocwc579	979f0f59-6401-49cd-aa59-cdae8482aa6f
ocwc579Address	2bfc575c-5814-4aec-851a-2d524b63ce71
ocwc57Address	0ab4be4f-bc04-4c15-9078-efbd7a05503a
ocwc57	f85a63cf-8521-4c84-84a0-67fe0050131d
ocwc581	9572f9fb-edf8-403e-8292-a2858c4d55ac
ocwc581Address	18d497a4-2da2-4c2d-9cab-86ba328695a8
ocwc584	a6d75b88-fd3e-422c-ae08-e4c4c0f734ef
ocwc588	205384a6-1ca0-442a-8efe-462b0f7d1510
ocwc588Address	dca49283-e7e8-4ac7-bb9b-27f14a95a4ce
ocwc589	3d9c8145-b059-43dd-9a47-da51529c7dba
ocwc591Address	d8870821-bb72-4b59-8f40-f98243d558a3
ocwc591	e1dd9cac-7546-43c9-8e99-f119249a79bf
ocwc593	a6681bf3-7a4d-471a-92fc-8c276852053d
ocwc593Address	8aa93a14-6510-4398-804a-5c453cde8124
ocwc594	d3d47281-0075-4dc1-91dc-7915242b8b66
ocwc595	38bc2300-3b1c-4df7-b658-488738addcb0
ocwc596	8c7a4945-fa08-40a8-9e85-f7219da27fc4
ocwc597	7886b56a-4000-463a-83a7-4e426f1ce3f8
ocwc598Address	fdcc5c67-8ce9-403b-9913-999b15828390
ocwc598	cb08bff5-5cf9-46cb-b943-42d1205ac248
ocwc599	e2613de9-952d-4753-bba2-c32959e937c1
ocwc59Address	630f5e6c-4fe4-4e76-8b8f-6b942cd8f0fa
ocwc59	e76dbc56-6465-491d-8586-6f06b5c1817a
ocwc600	eaacfe39-78b9-4eb1-b182-f3d3710d4277
ocwc601	33144963-653c-48bd-ad71-50b9e0ba3927
ocwc602	860ff129-ff50-43fd-984e-c92dbe2fdf24
ocwc603	7fb44a6d-5f1a-4810-b348-ca1c21ab12b5
ocwc603Address	35a77b06-50e4-4ee3-a5d4-134560e3d827
ocwc604	0a4ee323-3dfd-443c-aee8-57ee764e86b7
ocwc605	b90ae5f3-0168-4384-8f81-844506bfabdf
ocwc606	7bf46009-c296-4c3d-91e9-55baab4d4362
ocwc606Address	a270322c-e413-4e2b-822d-f76bed4b3cf0
ocwc608	4b0e0b3e-b9ff-42f3-89a3-8d40adbbd355
ocwc608Address	b45a4260-d8a1-4b85-913f-1171d004617f
ocwc609	945132a0-22a1-4c8b-8e76-f7743b5c26b2
ocwc609Address	9cf05e59-10e0-4733-baa8-f068146910cb
ocwc60Address	bee26a96-cf91-46e4-9664-98d8927cf5a2
ocwc60	f80206a3-6983-4eb2-9323-136c2a1fcd3c
ocwc610	ad92b748-d722-4caf-ba1a-f4ec3dc101f2
ocwc610Address	db1a69ce-554f-47b5-a42b-46984cbdc4de
ocwc614	75ab79d3-9339-4cca-bd59-56a77b10e2d9
ocwc616	453070c2-9440-4718-a6c9-38c44495f8cb
ocwc616Address	714d48d5-be80-4255-b557-6997054c2a81
ocwc617	40a81834-27a2-41ac-a887-656155ddc006
ocwc619Address	d0c8e953-0ce1-4954-adf3-9e2aa0f7f891
ocwc619	e7dabb70-83ef-43a2-bc4e-b393b6eb6e11
ocwc620	d1f7321b-c9ea-4c56-a27c-2115af358b3a
ocwc621	14f9382d-145e-4440-b812-e83a846016bc
ocwc622	1b19c630-3607-421a-b03d-c4adc528fb4b
ocwc62	55a21ea9-5e10-4b6c-8c94-5e0e3a796040
ocwc62Address	a3c609cd-17e3-4394-80c5-e70049b1b20d
ocwc65	69bbaf06-6286-4fb3-9ef3-988966e9c458
ocwc65Address	2e81d528-17fa-469d-885b-1b0c39a6a2e5
ocwc67	8275f9a9-4ac7-4ab2-a606-d0bfbbde7401
ocwc67Address	c0b7176c-c051-46d3-9a9a-4e652ae0fe7f
ocwc68	480740be-e822-46d8-ba99-0dfa7dcaa141
ocwc68Address	f9aca0bb-a919-4fe7-b2a6-9901172a6d03
ocwc69	983e9ebd-c94c-4284-b49e-142913dfe582
ocwc69Address	924fd1d3-a3d2-46de-b0e9-376311dd325a
ocwc70	3422a054-90ce-4d97-b4bf-dc886e240e41
ocwc70Address	c3b0c9e4-85c2-4d3b-9a1b-f645fd8659f7
ocwc71Address	47e4539e-58db-49cb-a3c6-2fa4147a419a
ocwc71	edffa819-57c0-4af5-ac81-ddd552701b5e
ocwc72	8fac73b6-6ebc-489a-9ef8-e3bf7e5dc78d
ocwc72Address	5b0f2356-d57c-4f0b-a198-e44775ceb738
ocwc7	45076a5c-b7a3-4b0c-bcce-401293764efc
ocwc74Address	f8169268-5eaf-47eb-be0a-a86d535b0e23
ocwc74	cec6f135-2a1b-4f99-bce0-a15e5ad0e2df
ocwc75	3aa6fdc3-3ba6-4410-886c-b2db3da4a37c
ocwc75Address	0706e3f6-73ca-468a-9111-fe7507262060
ocwc77	4b68f835-0176-45c9-82cc-f8f4073972ac
ocwc77Address	9e9d8361-e2b6-4fef-a2ec-2db02e6fbd9e
ocwc78	82516aed-8d83-4f45-a09c-7f084f6b0e6a
ocwc78Address	d478b5fb-c0ef-4472-bc69-451761c529e5
ocwc79Address	a0a763f7-15df-4577-81f2-f5d4e1579980
ocwc79	f8a0140c-cd7b-418d-9185-974c9fb1626d
ocwc7Address	d41bb2f3-1e83-4d7c-a23f-88c252aa9443
ocwc80	46b419fd-b0e7-41e9-9da1-f9440b4f143f
ocwc80Address	da6bb461-9c68-4f8b-8c13-a1b35607f6f3
ocwc81	00ba293b-ba66-4e98-ab0d-ccbad657fe67
ocwc81Address	59958576-d0d4-4ac8-8149-09d16369ac22
ocwc83	855a39b0-21d3-4cc1-a225-71f5bb065a6a
ocwc83Address	781e3017-b2b3-49b1-9dee-65b30d0602af
ocwc84	48799387-31c5-4504-9c05-d0e39fc89994
ocwc84Address	b4e02977-afdf-4e54-a734-071bc60f6372
ocwc86Address	0219dc6a-0736-4e6d-a12d-83c9fbfbf5ee
ocwc86	bf240587-1eeb-4947-96ee-e602bf068313
ocwc88Address	18da340b-7bd9-4688-b637-5be31d164fe4
ocwc88	f205a611-1291-44a3-9023-a6d563d4f507
ocwc	88feda8d-73bc-4b26-84be-f39687c31a04
ocwc89	3e6c316e-a572-4949-b5cc-7b0934294d9f
ocwc89Address	e3271f4f-310b-4491-aea3-1fc9816fc4bb
ocwc8Address	9ede4c92-195e-4657-8a2a-f7dd2dcc9c57
ocwc8	fd1a0fc4-cc77-4040-9c05-acf98b888e02
ocwc90	15ba04f8-e4cb-40e8-a605-45acbfa95a29
ocwc90Address	02a9fc9d-885f-4594-82ca-db7424e1351d
ocwc91	8f8acbcc-ab79-42de-a1ef-07badcb61063
ocwc91Address	d115da36-fae3-4883-bfd0-4c0073de789e
ocwc92	7d829870-dcce-4f08-a86d-a7e49888e997
ocwc92Address	87a87e85-d756-4f92-993d-aff7a4fcb2ac
ocwc95	87fb239d-1af3-410d-a6b8-fb95a570275a
ocwc95Address	b1dfc297-0c0c-46fa-8d1d-fc4672146c86
ocwc9	74c309b0-8064-4f0b-bd32-93d5f73f7247
ocwc98Address	27695a17-4fd2-431a-b689-5939dc8cec19
ocwc98	e7636dfb-17dd-42de-b0b4-53fb2cedae4a
ocwc99	705426ba-6833-4669-bc2d-c27657b653f0
ocwc9Address	5704c89e-5324-4487-b371-f84a6d3d8988
